{"cameraMode":{"drawMode":0,"name":"Shaded","section":"Shading Mode"},"sceneLighting":true,"audioPlay":false,"sceneViewState":{"showFog":true,"showMaterialUpdate":false,"showSkybox":true,"showFlares":true,"showImageEffects":true,"showParticleSystems":true,"showVisualEffectGraphs":true,"m_FxEnabled":true},"in2DMode":false,"pivot":{"x":-20.239999771118165,"y":1.0699992179870606,"z":23.59000015258789},"rotation":{"x":-0.016756461933255197,"y":-0.0788101851940155,"z":0.0013252103235572577,"w":-0.9967502951622009},"size":218.41030883789063,"orthographic":false}